method,seed,V_over_Vstar,aggregate_error_inf,value_error,gamma_fiber_integer,lambda2_bar,lambda2_nominal,margin_vs_sigma_req,wrench_certified,min_lambda2_geo,min_transfer_margin,min_loewner_eig,max_tube_violation,alpha_certified,alpha_at_lambda2_bar,alpha_fitted,info_norm_ratio,mission_info_norm_max,pose_rmse1,pose_rmse2,peak_wrench_residual,peak_wrench_residual_quiet,mission_completed,wrench_rmse1,wrench_rmse2,max_sync_err,terminal_sync_err,terminal_pose_err,settling_time,control_effort,t_complete1,t_complete2,success,drag_multiplier,t_dist
PROD,1,1.0,0.0,0.0,0.3988761275551454,2.2422879115109017e-16,4.645476757589288e-16,-0.29999999999999977,True,-6.624973369525354e-16,-8.867261281036255e-16,-3.929351960994809e-16,0.0,-0.20710678118654735,-0.20710678118654735,-0.20710678118651582,528451.6728891217,44760.03045811466,0.008588834591796787,0.02027127976114871,4.503175122916511,0.15259427981464102,False,2.517059881679524e-08,0.41242671864059105,0.7715089347180486,0.7715089347180486,0.030976558514760964,nan,117.64706263611227,nan,48.15,False,2.7101028121321407,23.946849096013658
HARD,1,1.0,0.0,0.0,0.06241521753691304,0.3364609100182326,0.25563860722427023,0.036460910018232595,True,0.37562575876391324,0.03916484874568066,0.032437729222131235,0.0,0.039672219213314874,0.06817126544240526,0.11104249930948755,0.00040160128494608714,0.46617003603546425,0.011482513593430712,0.009963547242378763,0.970963707163061,0.15259418806759156,True,1.3627537582850954e-08,0.06609508039488353,0.05964727527940783,0.0,0.02078563102421417,3.1531509039863437,117.74553434661668,59.800000000000004,59.35,True,2.7101028121321407,23.946849096013658
WISE,1,1.0,0.0,0.0,1.6653345369377348e-16,0.39887612755514545,0.23112548393078608,0.09887612755514547,True,0.4357134173860635,0.03683728983091805,0.03619943022015664,0.0,0.039672219213314874,0.11605356149303792,0.15886890696708608,1.2853765139800201e-05,0.40957869315079326,0.011429268719400648,0.009868599129421502,0.9760838669523252,0.15259417301781855,True,1.3609689774193703e-08,0.06586375106474637,0.05933974634342176,0.0,0.020844431368584805,3.253150903986345,117.08779523048672,59.95,59.7,True,2.7101028121321407,23.946849096013658
SCALAR,1,1.0,0.0,0.0,1.6653345369377348e-16,0.39887612755514545,0.23112548393078608,0.09887612755514547,True,0.4357134173860635,0.03683728983091805,0.03619943022015664,0.0,0.039672219213314874,0.11605356149303792,0.15886890696708608,1.2853765139800201e-05,0.40957869315079326,0.011429268719400648,0.009868599129421502,0.9760838669523252,0.15259417301781855,True,1.3609689774193703e-08,0.06586375106474637,0.05933974634342176,0.0,0.020844431368584805,3.253150903986345,117.08779523048672,59.95,59.7,True,2.7101028121321407,23.946849096013658
RANDOM-FIBER,1,1.0,0.0,0.0,0.3988761275551457,-7.954423143705765e-17,4.645476757589288e-16,-0.30000000000000004,True,-5.224402979502933e-16,-4.428960665132356e-16,-3.3316920380957166e-16,0.0,-0.20710678118654763,-0.20710678118654763,-0.20710678118651576,376269.881119192,22987.91827575262,0.008590838818995226,0.019963082603888127,4.04913377889992,0.15259427981464102,False,6.644206706589402e-09,0.3600548972297375,0.6682759158275193,0.6682759158275193,0.030976554230963828,nan,117.44860470475186,nan,48.300000000000004,False,2.7101028121321407,23.946849096013658
PROD,2,1.0,0.0,0.0,0.3988761275551454,2.2422879115109017e-16,4.645476757589288e-16,-0.29999999999999977,True,-6.257850197638999e-16,-8.500138109149901e-16,-3.9515103428949816e-16,0.0,-0.20710678118654735,-0.20710678118654735,-0.20710678118651582,528451.6728891216,43262.17478476222,0.006600340908242885,0.02049979832360934,3.9564488852831916,0.07322433770281014,False,1.8164881814437656e-08,0.3424361010377772,0.7561809196115423,0.7561809196115423,0.03264646030952466,nan,136.46740824540686,nan,48.35,False,2.7348429980841003,21.91010679459867
HARD,2,1.0,0.0,0.0,0.06241521753691304,0.3364609100182326,0.25563860722427023,0.036460910018232595,True,0.37377541175362794,0.037314501735395356,0.030781688852465586,0.0,0.039672219213314874,0.06817126544240526,0.11084678319253673,0.0004024828199361389,0.5628614053357022,0.010577839351585835,0.010003667513467372,1.3145818257937951,6.908113100578443e-08,True,1.5414954961449375e-08,0.0875382333565136,0.07309695738784383,0.0,0.02227469927322427,4.539893205401334,137.825595724169,59.75,59.300000000000004,True,2.7348429980841003,21.91010679459867
WISE,2,1.0,0.0,0.0,1.6653345369377348e-16,0.39887612755514545,0.23112548393078608,0.09887612755514547,True,0.4328393964891479,0.03396326893400242,0.03321571422812489,0.0,0.039672219213314874,0.11605356149303792,0.1588409774187669,1.2845241903000997e-05,0.4955482223627918,0.010485686065005224,0.009906395355096548,1.3393301111514182,6.67997549495529e-08,True,1.538740246644733e-08,0.08861324522863538,0.07253665792608893,0.0,0.022376790686725982,4.73989320540133,136.6999358162926,59.95,59.7,True,2.7348429980841003,21.91010679459867
SCALAR,2,1.0,0.0,0.0,1.6653345369377348e-16,0.39887612755514545,0.23112548393078608,0.09887612755514547,True,0.4328393964891479,0.03396326893400242,0.03321571422812489,0.0,0.039672219213314874,0.11605356149303792,0.1588409774187669,1.2845241903000997e-05,0.4955482223627918,0.010485686065005224,0.009906395355096548,1.3393301111514182,6.67997549495529e-08,True,1.538740246644733e-08,0.08861324522863538,0.07253665792608893,0.0,0.022376790686725982,4.73989320540133,136.6999358162926,59.95,59.7,True,2.7348429980841003,21.91010679459867
RANDOM-FIBER,2,1.0,0.0,0.0,0.3988761275551457,-7.954423143705765e-17,4.645476757589288e-16,-0.30000000000000004,True,-5.051636924749112e-16,-4.2561946103785356e-16,-3.2145458494244953e-16,0.0,-0.20710678118654763,-0.20710678118654763,-0.20710678118651582,376284.9600132285,21401.64478650756,0.00660525031167005,0.020236701874204392,3.4905129693276122,0.07650538995536976,False,7.64331767275809e-09,0.29265843517602746,0.653117283764716,0.653117283764716,0.03264644730729701,nan,137.33131219857242,nan,48.5,False,2.7348429980841003,21.91010679459867
PROD,3,1.0,0.0,0.0,0.3988761275551454,2.2422879115109017e-16,4.645476757589288e-16,-0.29999999999999977,True,-6.708114542013627e-16,-8.950402453524528e-16,-4.374484715435889e-16,0.0,-0.20710678118654735,-0.20710678118654735,-0.20710678118651585,528451.6728891225,44957.067547114355,0.0037791616975211095,0.01931104526922848,3.7743713846494593,2.3189933821927016e-07,False,2.4296370560059502e-08,0.3275536802019276,0.7491607435225188,0.7491607435225188,0.030425373935550667,nan,114.13654650217116,nan,47.25,False,2.824104455972437,22.677247181598265
HARD,3,1.0,0.0,0.0,0.06241521753691304,0.3364609100182326,0.25563860722427023,0.036460910018232595,True,0.3756338784373917,0.039172968419159127,0.03249316067507155,0.0,0.039672219213314874,0.06817126544240526,0.10959514505496086,0.0004037932378250812,0.4578571859346254,0.009661105203685566,0.008911534324051456,0.96208439447415,9.016238550574527e-08,True,1.604722372064246e-08,0.06430817098320381,0.059259783791361154,0.0,0.021981073434742975,3.0727528184017388,123.2156886658911,58.7,58.2,True,2.824104455972437,22.677247181598265
WISE,3,1.0,0.0,0.0,1.6653345369377348e-16,0.39887612755514545,0.23112548393078608,0.09887612755514547,True,0.4354953129109403,0.03661918535579484,0.03595005962000398,0.0,0.039672219213314874,0.11605356149303792,0.15718294362961233,1.2997599590665527e-05,0.4036191045796534,0.009581880161611295,0.008817089788569875,0.9733241057569227,9.016212859393202e-08,True,1.6024820973649502e-08,0.06441236284217249,0.05892919305889288,0.0,0.02195553634934689,3.17275281840174,122.58750390633034,58.85,58.550000000000004,True,2.824104455972437,22.677247181598265
SCALAR,3,1.0,0.0,0.0,1.6653345369377348e-16,0.39887612755514545,0.23112548393078608,0.09887612755514547,True,0.4354953129109403,0.03661918535579484,0.03595005962000398,0.0,0.039672219213314874,0.11605356149303792,0.15718294362961233,1.2997599590665527e-05,0.4036191045796534,0.009581880161611295,0.008817089788569875,0.9733241057569227,9.016212859393202e-08,True,1.6024820973649502e-08,0.06441236284217249,0.05892919305889288,0.0,0.02195553634934689,3.17275281840174,122.58750390633034,58.85,58.550000000000004,True,2.824104455972437,22.677247181598265
RANDOM-FIBER,3,1.0,0.0,0.0,0.3988761275551457,-7.954423143705765e-17,4.645476757589288e-16,-0.30000000000000004,True,-4.204005728133228e-16,-3.4085634137626517e-16,-4.20766166615668e-16,0.0,-0.20710678118654763,-0.20710678118654763,-0.20710678118651574,376281.6412467582,23489.73651871392,0.003784431994219355,0.01912416150185255,3.446920058085139,9.016397038629795e-08,False,7.757739618961232e-09,0.2920424056445462,0.6494255171073022,0.6494255171073022,0.030425374171736803,nan,115.00077956856963,nan,47.300000000000004,False,2.824104455972437,22.677247181598265
PROD,4,1.0,0.0,0.0,0.3988761275551454,2.2422879115109017e-16,4.645476757589288e-16,-0.29999999999999977,True,-6.483604951452761e-16,-8.725892862963663e-16,-4.508112633194727e-16,0.0,-0.20710678118654735,-0.20710678118654735,-0.20710678118651585,528451.6728891222,78423.68083820776,0.0016556681026752911,0.02254518492598924,6.00665397065651,0.0754540596113216,False,9.795960718068155e-09,0.5691931538507009,0.8022788577743839,0.8022788577743839,0.032126611541739014,nan,130.42300768867423,nan,47.75,False,2.856864850366321,22.586980253239567
HARD,4,1.0,0.0,0.0,0.06241521753691304,0.3364609100182326,0.25563860722427023,0.036460910018232595,True,0.3755243207536096,0.039063410735377,0.03231416089700523,0.0,0.039672219213314874,0.06817126544240526,0.11069202210253652,0.00039632922306209056,0.5801499613692641,0.00784061642217848,0.011939309248924695,1.8253196141416637,8.205932096370163e-07,True,1.2993372782618901e-08,0.12168456372791624,0.07246718850109946,0.0,0.021795247754535122,4.463019746760438,126.43265825458573,59.65,59.1,True,2.856864850366321,22.586980253239567
WISE,4,1.0,0.0,0.0,1.6653345369377348e-16,0.39887612755514545,0.23112548393078608,0.09887612755514547,True,0.4356827885375968,0.036806660982451334,0.03618162591499301,0.0,0.039672219213314874,0.11605356149303792,0.15880472126032816,1.2459000428702821e-05,0.5153057933014167,0.007700334627184712,0.011808051286450528,1.7440105776158314,8.205932096370163e-07,True,1.2956528570736736e-08,0.11564122530064569,0.07364734559502001,0.0,0.02188809946893513,4.813019746760432,125.34047709687304,59.95,59.65,True,2.856864850366321,22.586980253239567
SCALAR,4,1.0,0.0,0.0,1.6653345369377348e-16,0.39887612755514545,0.23112548393078608,0.09887612755514547,True,0.4356827885375968,0.036806660982451334,0.03618162591499301,0.0,0.039672219213314874,0.11605356149303792,0.15880472126032816,1.2459000428702821e-05,0.5153057933014167,0.007700334627184712,0.011808051286450528,1.7440105776158314,8.205932096370163e-07,True,1.2956528570736736e-08,0.11564122530064569,0.07364734559502001,0.0,0.02188809946893513,4.813019746760432,125.34047709687304,59.95,59.65,True,2.856864850366321,22.586980253239567
RANDOM-FIBER,4,1.0,0.0,0.0,0.3988761275551457,-7.954423143705765e-17,4.645476757589288e-16,-0.30000000000000004,True,-4.986851530450992e-16,-4.191409216080416e-16,-3.334050646464561e-16,0.0,-0.20710678118654763,-0.20710678118654763,-0.20710678118651582,376283.07518598926,60252.43492735827,0.0016626900604188803,0.022510834334610163,5.835434798533817,0.10542432179465674,False,4.621837424748729e-09,0.5283178706971192,0.7373585100669271,0.7373585100669271,0.0321266171804953,nan,131.4877154525579,nan,47.300000000000004,False,2.856864850366321,22.586980253239567
PROD,5,1.0,0.0,0.0,0.3988761275551454,2.2422879115109017e-16,4.645476757589288e-16,-0.29999999999999977,True,-7.038332487505332e-16,-9.280620399016235e-16,-4.381938605371727e-16,0.0,-0.20710678118654735,-0.20710678118654735,-0.20710678118651585,528451.6728891217,62792.85683353733,0.0056326640531031945,0.021981677453964416,5.0648250923799,0.053842698381332876,False,1.0186121564636507e-08,0.4741036994721279,0.7967024862870927,0.7967024862870927,0.03190404168217444,nan,124.83469061358144,nan,47.65,False,2.567096697882916,23.33274732755044
HARD,5,1.0,0.0,0.0,0.06241521753691304,0.3364609100182326,0.25563860722427023,0.036460910018232595,True,0.37553531436582366,0.039074404347591074,0.03233034659022829,0.0,0.039672219213314874,0.06817126544240526,0.11074746642482666,0.0003999196379906972,0.46598453050316463,0.009557166237783153,0.011780774020286888,1.1357166552872688,6.218734240252449e-08,True,1.3279216663421811e-08,0.07381057766598041,0.059115417067839404,0.0,0.021627538410991607,3.117252672449567,122.81686876860661,59.6,59.15,True,2.567096697882916,23.33274732755044
WISE,5,1.0,0.0,0.0,1.6653345369377348e-16,0.39887612755514545,0.23112548393078608,0.09887612755514547,True,0.4356736322239962,0.03679750466885073,0.036168628018553514,0.0,0.039672219213314874,0.11605356149303792,0.1586418964728202,1.2722505955039378e-05,0.41359465029116427,0.009473515716350208,0.01167932668288214,1.1020229663866352,6.06445119430625e-08,True,1.3252045544891197e-08,0.07167694860187346,0.0596789307795369,0.0,0.02169254909431307,3.3172526724495626,122.0274515559837,59.800000000000004,59.550000000000004,True,2.567096697882916,23.33274732755044
SCALAR,5,1.0,0.0,0.0,1.6653345369377348e-16,0.39887612755514545,0.23112548393078608,0.09887612755514547,True,0.4356736322239962,0.03679750466885073,0.036168628018553514,0.0,0.039672219213314874,0.11605356149303792,0.1586418964728202,1.2722505955039378e-05,0.41359465029116427,0.009473515716350208,0.01167932668288214,1.1020229663866352,6.06445119430625e-08,True,1.3252045544891197e-08,0.07167694860187346,0.0596789307795369,0.0,0.02169254909431307,3.3172526724495626,122.0274515559837,59.800000000000004,59.550000000000004,True,2.567096697882916,23.33274732755044
RANDOM-FIBER,5,1.0,0.0,0.0,0.3988761275551457,-7.954423143705765e-17,4.645476757589288e-16,-0.30000000000000004,True,-4.440892098500626e-16,-3.64544978413005e-16,-3.5400027557727577e-16,0.0,-0.20710678118654763,-0.20710678118654763,-0.20710678118651576,376267.4013378437,42190.10361582988,0.005634321517763458,0.02199917373819088,5.087922437282621,0.07305377389317991,False,4.99131407006222e-09,0.4577070583316856,0.7189927149600652,0.7189927149600652,0.03190404527594585,nan,125.8875273139581,nan,47.4,False,2.567096697882916,23.33274732755044
PROD,6,1.0,0.0,0.0,0.3988761275551454,2.2422879115109017e-16,4.645476757589288e-16,-0.29999999999999977,True,-6.307588510413145e-16,-8.549876421924046e-16,-4.2739249639378585e-16,0.0,-0.20710678118654735,-0.20710678118654735,-0.20710678118651585,528451.6728891215,59147.012544246216,0.006782837721932928,0.02047550964282246,3.772594190451633,0.20333938511988023,False,1.4348610865115704e-08,0.3318848960096179,0.8010287983436843,0.8010287983436843,0.030004958500610506,nan,107.64659055623514,nan,46.7,False,2.407896464266249,23.544092874126214
HARD,6,1.0,0.0,0.0,0.06241521753691304,0.3364609100182326,0.25563860722427023,0.036460910018232595,True,0.37564791004433573,0.03918700002610315,0.03252315927652627,0.0,0.039672219213314874,0.06817126544240526,0.10994693232315367,0.000413998328293343,0.22905437861837197,0.011320161197827394,0.0111300757631341,0.2821598978818759,0.20333938511988023,True,1.6992287863452648e-08,0.030803851904825878,0.029658717067077567,0.0,0.022605102183201303,0.005907125873790164,122.85865751776741,58.800000000000004,58.550000000000004,True,2.407896464266249,23.544092874126214
WISE,6,1.0,0.0,0.0,1.6653345369377348e-16,0.39887612755514545,0.23112548393078608,0.09887612755514547,True,0.43544028471050167,0.036564157155356214,0.03588344102366567,0.0,0.039672219213314874,0.11605356149303792,0.15736525534733786,1.3360703394043504e-05,0.20594624226577096,0.01127147538329855,0.01107684618096536,0.26191807440435705,0.20333938511988023,True,1.6971345786796065e-08,0.030220370422314152,0.030218984507964786,0.0,0.02259477359064687,0.005907125873790164,122.54045596271439,58.95,58.800000000000004,True,2.407896464266249,23.544092874126214
SCALAR,6,1.0,0.0,0.0,1.6653345369377348e-16,0.39887612755514545,0.23112548393078608,0.09887612755514547,True,0.43544028471050167,0.036564157155356214,0.03588344102366567,0.0,0.039672219213314874,0.11605356149303792,0.15736525534733786,1.3360703394043504e-05,0.20594624226577096,0.01127147538329855,0.01107684618096536,0.26191807440435705,0.20333938511988023,True,1.6971345786796065e-08,0.030220370422314152,0.030218984507964786,0.0,0.02259477359064687,0.005907125873790164,122.54045596271439,58.95,58.800000000000004,True,2.407896464266249,23.544092874126214
RANDOM-FIBER,6,1.0,0.0,0.0,0.3988761275551457,-7.954423143705765e-17,4.645476757589288e-16,-0.30000000000000004,True,-4.850750295049315e-16,-4.0553079806787386e-16,-3.123669561066219e-16,0.0,-0.20710678118654763,-0.20710678118654763,-0.20710678118651576,376264.700234295,37737.723602692335,0.006784037631295528,0.020636676622484407,4.079104540363546,0.20333938511988023,False,6.268178444115679e-09,0.35668691848159967,0.7191679331061461,0.7191679331061461,0.030004956706554193,nan,108.99805119534527,nan,46.45,False,2.407896464266249,23.544092874126214
PROD,7,1.0,0.0,0.0,0.3988761275551454,2.2422879115109017e-16,4.645476757589288e-16,-0.29999999999999977,True,-8.141632583496714e-16,-1.0383920495007616e-15,-3.979157498293362e-16,0.0,-0.20710678118654735,-0.20710678118654735,-0.20710678118651582,528451.672889121,51737.074394530755,0.00887124959278078,0.021215538993393266,3.663358741741278,0.06184144074851593,False,1.2899112928657277e-08,0.3135405805795086,0.7861998927662114,0.7861998927662114,0.032068606226806906,nan,131.8944863830107,nan,48.050000000000004,False,2.7343556182916204,21.401153531590072
HARD,7,1.0,0.0,0.0,0.06241521753691304,0.3364609100182326,0.25563860722427023,0.036460910018232595,True,0.3711366429639152,0.0346757329456826,0.028096970292522127,0.0,0.039672219213314874,0.06817126544240526,0.11138157578139762,0.00040872993369100904,0.499578160893741,0.01179053492402313,0.01157320155669868,1.0428467023982582,6.502208140228334e-08,True,1.4370255209864944e-08,0.07068763661471016,0.06475164943980505,0.0,0.021740370739584635,3.798846468409934,130.10959598543764,60.1,59.75,True,2.7343556182916204,21.401153531590072
WISE,7,1.0,0.0,0.0,1.6653345369377348e-16,0.39887612755514545,0.23112548393078608,0.09887612755514547,True,0.4298010136592092,0.030924886104063742,0.030128450820089147,0.0,0.039672219213314874,0.11605356149303792,0.15943739000063573,1.301050984365277e-05,0.44085975587508347,0.011715813809267606,0.011504130663321689,1.0448635806438675,6.30790668071019e-08,True,1.4343525949971597e-08,0.07038185434385694,0.06458263729767316,0.0,0.02184275873099186,3.9488464684099327,129.19489081984852,60.300000000000004,60.1,True,2.7343556182916204,21.401153531590072
SCALAR,7,1.0,0.0,0.0,1.6653345369377348e-16,0.39887612755514545,0.23112548393078608,0.09887612755514547,True,0.4298010136592092,0.030924886104063742,0.030128450820089147,0.0,0.039672219213314874,0.11605356149303792,0.15943739000063573,1.301050984365277e-05,0.44085975587508347,0.011715813809267606,0.011504130663321689,1.0448635806438675,6.30790668071019e-08,True,1.4343525949971597e-08,0.07038185434385694,0.06458263729767316,0.0,0.02184275873099186,3.9488464684099327,129.19489081984852,60.300000000000004,60.1,True,2.7343556182916204,21.401153531590072
RANDOM-FIBER,7,1.0,0.0,0.0,0.3988761275551457,-7.954423143705765e-17,4.645476757589288e-16,-0.30000000000000004,True,-4.41411598230994e-16,-3.6186736679393634e-16,-4.0647040546915456e-16,0.0,-0.20710678118654763,-0.20710678118654763,-0.20710678118651576,376288.6665160214,30111.05083266216,0.00887408640553699,0.021153635512003444,3.557013696690389,0.06258774294867568,False,6.476612597309404e-09,0.30168106339942213,0.6987453279243455,0.6987453279243455,0.03206860472357875,nan,132.1898655534846,nan,48.1,False,2.7343556182916204,21.401153531590072
PROD,8,1.0,0.0,0.0,0.3988761275551454,2.2422879115109017e-16,4.645476757589288e-16,-0.29999999999999977,True,-6.373628724745205e-16,-8.615916636256107e-16,-3.9605905360895477e-16,0.0,-0.20710678118654735,-0.20710678118654735,-0.20710678118651585,528451.6728891224,53087.63228528631,0.0017332158172734843,0.01996264112775117,3.379434137537419,0.05865671365443033,False,1.5379406615715067e-08,0.2843473314126572,0.7529843429623769,0.7529843429623769,0.03192238535268498,nan,129.02605541563858,nan,46.9,False,2.8370413741392597,20.210906998467262
HARD,8,1.0,0.0,0.0,0.06241521753691304,0.3364609100182326,0.25563860722427023,0.036460910018232595,True,0.37550993671738764,0.039049026699155054,0.03233269716300707,0.0,0.039672219213314874,0.06817126544240526,0.10937942155796161,0.0004039961593364557,0.5331838466140397,0.00886549941954366,0.009191724325864379,1.240596170273326,6.495888525826488e-08,True,1.4957498554219295e-08,0.08225311084921637,0.06879742959996771,0.0,0.021611022324254676,4.189093001532733,130.16306285836168,58.550000000000004,58.15,True,2.8370413741392597,20.210906998467262
WISE,8,1.0,0.0,0.0,1.6653345369377348e-16,0.39887612755514545,0.23112548393078608,0.09887612755514547,True,0.4355115448139553,0.036635417258809866,0.03599029469648953,0.0,0.039672219213314874,0.11605356149303792,0.1571490048699259,1.2823027542574825e-05,0.47068850731126627,0.008748638638200386,0.009097947220969392,1.2375377346431091,6.293483608349848e-08,True,1.492630664110311e-08,0.08172493627459736,0.06870568454616949,0.0,0.021696479307824205,4.389093001532736,129.18691150724334,58.800000000000004,58.550000000000004,True,2.8370413741392597,20.210906998467262
SCALAR,8,1.0,0.0,0.0,1.6653345369377348e-16,0.39887612755514545,0.23112548393078608,0.09887612755514547,True,0.4355115448139553,0.036635417258809866,0.03599029469648953,0.0,0.039672219213314874,0.11605356149303792,0.1571490048699259,1.2823027542574825e-05,0.47068850731126627,0.008748638638200386,0.009097947220969392,1.2375377346431091,6.293483608349848e-08,True,1.492630664110311e-08,0.08172493627459736,0.06870568454616949,0.0,0.021696479307824205,4.389093001532736,129.18691150724334,58.800000000000004,58.550000000000004,True,2.8370413741392597,20.210906998467262
RANDOM-FIBER,8,1.0,0.0,0.0,0.3988761275551457,-7.954423143705765e-17,4.645476757589288e-16,-0.30000000000000004,True,-4.80971629787577e-16,-4.014273983505194e-16,-3.557214406894321e-16,0.0,-0.20710678118654763,-0.20710678118654763,-0.2071067811865157,376276.19021746155,32508.982473109616,0.001745016453255941,0.019961866594316646,3.3698274847953518,0.05842685633173255,False,6.693235505145115e-09,0.28266902309120506,0.6708008854451888,0.6708008854451888,0.03192238521523882,nan,129.71257298151997,nan,46.9,False,2.8370413741392597,20.210906998467262
PROD,9,1.0,0.0,0.0,0.3988761275551454,2.2422879115109017e-16,4.645476757589288e-16,-0.29999999999999977,True,-6.179053540077796e-16,-8.421341451588698e-16,-5.0133508455729725e-16,0.0,-0.20710678118654735,-0.20710678118654735,-0.20710678118651585,528451.6728891217,51134.5227718504,0.006655324076221399,0.019949996814145114,4.544619511419608,0.060932952504593386,False,1.5875589194116573e-08,0.41027763780594556,0.782902494496952,0.782902494496952,0.029519969241926833,nan,107.59757511264871,nan,47.4,False,2.813878514839844,23.924025859405898
HARD,9,1.0,0.0,0.0,0.06241521753691304,0.3364609100182326,0.25563860722427023,0.036460910018232595,True,0.37517655609347067,0.038715646075238086,0.0323941337514603,0.0,0.039672219213314874,0.06817126544240526,0.11042866627979586,0.0004072679541400819,0.38100306420834446,0.010982547580116039,0.010165135398712086,0.7547556904745154,0.06093300979446007,True,1.6624996681179357e-08,0.051298478727962456,0.04929111770508143,0.0,0.0222785733022078,0.005974140594098287,121.04177336804324,59.300000000000004,58.85,True,2.813878514839844,23.924025859405898
WISE,9,1.0,0.0,0.0,1.6653345369377348e-16,0.39887612755514545,0.23112548393078608,0.09887612755514547,True,0.433292508328759,0.03441638077361353,0.03335824781198583,0.0,0.039672219213314874,0.11605356149303792,0.15804758806553432,1.318750131886062e-05,0.3377074476608305,0.010919754264401496,0.010089300658840354,0.7511880543127,0.06093301910652424,True,1.6602902191958992e-08,0.050795853722368965,0.049331458218262236,0.0,0.022261120168197934,0.005974140594098287,120.5786907239557,59.45,59.2,True,2.813878514839844,23.924025859405898
SCALAR,9,1.0,0.0,0.0,1.6653345369377348e-16,0.39887612755514545,0.23112548393078608,0.09887612755514547,True,0.433292508328759,0.03441638077361353,0.03335824781198583,0.0,0.039672219213314874,0.11605356149303792,0.15804758806553432,1.318750131886062e-05,0.3377074476608305,0.010919754264401496,0.010089300658840354,0.7511880543127,0.06093301910652424,True,1.6602902191958992e-08,0.050795853722368965,0.049331458218262236,0.0,0.022261120168197934,0.005974140594098287,120.5786907239557,59.45,59.2,True,2.813878514839844,23.924025859405898
RANDOM-FIBER,9,1.0,0.0,0.0,0.3988761275551457,-7.954423143705765e-17,4.645476757589288e-16,-0.30000000000000004,True,-5.669206469150588e-16,-4.873764154780011e-16,-3.600641560830489e-16,0.0,-0.20710678118654763,-0.20710678118654763,-0.20710678118651576,376294.9595262093,29430.400492164466,0.006658966587086999,0.01990959766637945,4.477919886035428,0.060932952504593386,False,7.2797154605571225e-09,0.40093678248137105,0.6901241137610961,0.6901241137610961,0.029519969177044327,nan,108.43973934842539,nan,47.4,False,2.813878514839844,23.924025859405898
PROD,10,1.0,0.0,0.0,0.3988761275551454,2.2422879115109017e-16,4.645476757589288e-16,-0.29999999999999977,True,-7.269875911787003e-16,-9.512163823297906e-16,-4.491104211613861e-16,0.0,-0.20710678118654735,-0.20710678118654735,-0.20710678118651585,528451.6728891217,67865.10693154878,0.006791506807152191,0.020915901579251658,2.295909033009143,0.31915289451044065,False,1.1951355369176362e-08,0.19159923419190358,0.8076022653835004,0.8076022653835004,0.0306210321779442,nan,117.09266762009224,nan,46.35,False,2.520637626897721,20.167474789607166
HARD,10,1.0,0.0,0.0,0.06241521753691304,0.3364609100182326,0.25563860722427023,0.036460910018232595,True,0.3756475736638429,0.0391866636456103,0.032473888575929796,0.0,0.039672219213314874,0.06817126544240526,0.11015199224313878,0.0004148912828766677,0.2884938148695359,0.010582382522602093,0.011850320112560259,0.31915289451044065,0.31915289451044065,True,1.4159199966541673e-08,0.04018388314332951,0.03639310969228665,0.0,0.02047246478128168,0.0025252103928323777,117.56536916355223,59.0,58.800000000000004,True,2.520637626897721,20.167474789607166
WISE,10,1.0,0.0,0.0,1.6653345369377348e-16,0.39887612755514545,0.23112548393078608,0.09887612755514547,True,0.43431010017740734,0.03543397262226189,0.03375886603451763,0.0,0.039672219213314874,0.11605356149303792,0.15776319118092302,1.334607394152153e-05,0.25463051307224077,0.01052612130355917,0.011810749666754118,0.31915289451044065,0.31915289451044065,True,1.4139810374359772e-08,0.039065664843018454,0.036987557301954244,0.0,0.02052219246815127,0.0025252103928323777,117.16226243150157,59.15,59.050000000000004,True,2.520637626897721,20.167474789607166
SCALAR,10,1.0,0.0,0.0,1.6653345369377348e-16,0.39887612755514545,0.23112548393078608,0.09887612755514547,True,0.43431010017740734,0.03543397262226189,0.03375886603451763,0.0,0.039672219213314874,0.11605356149303792,0.15776319118092302,1.334607394152153e-05,0.25463051307224077,0.01052612130355917,0.011810749666754118,0.31915289451044065,0.31915289451044065,True,1.4139810374359772e-08,0.039065664843018454,0.036987557301954244,0.0,0.02052219246815127,0.0025252103928323777,117.16226243150157,59.15,59.050000000000004,True,2.520637626897721,20.167474789607166
RANDOM-FIBER,10,1.0,0.0,0.0,0.3988761275551457,-7.954423143705765e-17,4.645476757589288e-16,-0.30000000000000004,True,-4.2659558638635473e-16,-3.470513549492971e-16,-3.180099409172471e-16,0.0,-0.20710678118654763,-0.20710678118654763,-0.20710678118651576,376295.5251538362,48227.77249552264,0.006793784504547828,0.021042402575715387,2.634566896433565,0.31915289451044065,False,5.403723619816372e-09,0.22138984430762176,0.7395024087901677,0.7395024087901677,0.030621031157578412,nan,117.01755401053185,nan,46.25,False,2.520637626897721,20.167474789607166
PROD,11,1.0,0.0,0.0,0.3988761275551454,2.2422879115109017e-16,4.645476757589288e-16,-0.29999999999999977,True,-7.613107432688078e-16,-9.85539534419898e-16,-4.163336342358926e-16,0.0,-0.20710678118654735,-0.20710678118654735,-0.20710678118651585,528451.6728891218,77434.59775471446,0.004405797286383757,0.02234163888979634,5.154403451627149,0.1964824170052715,False,1.0687608784704093e-08,0.44514339786917695,0.8175123011592583,0.8175123011592583,0.0320630278783908,nan,129.3247898523635,nan,47.7,False,2.559832158440914,23.409690284199506
HARD,11,1.0,0.0,0.0,0.06241521753691304,0.3364609100182326,0.25563860722427023,0.036460910018232595,True,0.37427837224986815,0.03781746223163557,0.02960087893254154,0.0,0.039672219213314874,0.06817126544240526,0.11110907236366517,0.00040791359665259255,0.4706878451563087,0.009107383274571473,0.012392895083883896,1.3484813953850698,0.1964824170052715,True,1.4370472826018098e-08,0.0854204723985209,0.05880873343805837,0.0,0.0217662908852979,2.9903097158004925,129.4317907032258,59.9,59.45,True,2.559832158440914,23.409690284199506
WISE,11,1.0,0.0,0.0,1.6653345369377348e-16,0.39887612755514545,0.23112548393078608,0.09887612755514547,True,0.4355540315687487,0.03667790401360327,0.036039400447470046,0.0,0.039672219213314874,0.11605356149303792,0.15913364703634253,1.2820491488089892e-05,0.4201693975858162,0.008992529073911517,0.012280650400018826,1.272520513048951,0.1964824170052715,True,1.4333539736465599e-08,0.08066993145395474,0.060149590005615095,0.0,0.021842527800134345,3.340309715800494,128.55518954159263,60.15,59.9,True,2.559832158440914,23.409690284199506
SCALAR,11,1.0,0.0,0.0,1.6653345369377348e-16,0.39887612755514545,0.23112548393078608,0.09887612755514547,True,0.4355540315687487,0.03667790401360327,0.036039400447470046,0.0,0.039672219213314874,0.11605356149303792,0.15913364703634253,1.2820491488089892e-05,0.4201693975858162,0.008992529073911517,0.012280650400018826,1.272520513048951,0.1964824170052715,True,1.4333539736465599e-08,0.08066993145395474,0.060149590005615095,0.0,0.021842527800134345,3.340309715800494,128.55518954159263,60.15,59.9,True,2.559832158440914,23.409690284199506
RANDOM-FIBER,11,1.0,0.0,0.0,0.3988761275551457,-7.954423143705765e-17,4.645476757589288e-16,-0.30000000000000004,True,-4.2172808714323455e-16,-3.421838557061769e-16,-3.3644481712061793e-16,0.0,-0.20710678118654763,-0.20710678118654763,-0.20710678118651576,376274.8660242658,58743.64703007048,0.004406752841823133,0.02247755027639607,5.128171042651646,0.1964824170052715,False,4.643597274549253e-09,0.4408423364556863,0.7520413596347467,0.7520413596347467,0.03206303366757815,nan,130.52224878268174,nan,47.300000000000004,False,2.559832158440914,23.409690284199506
PROD,12,1.0,0.0,0.0,0.3988761275551454,2.2422879115109017e-16,4.645476757589288e-16,-0.29999999999999977,True,-6.50636794187487e-16,-8.748655853385772e-16,-4.623038063478191e-16,0.0,-0.20710678118654735,-0.20710678118654735,-0.20710678118651585,528451.672889122,67634.89847790831,0.0067052619433587745,0.02146636678305003,3.863997413910865,0.30484905265524365,False,1.7458123673152313e-08,0.33999172222658125,0.8069962525548432,0.8069962525548432,0.03185849143082856,nan,129.0462927467397,nan,47.65,False,2.6736702794513603,21.121375345974574
HARD,12,1.0,0.0,0.0,0.06241521753691304,0.3364609100182326,0.25563860722427023,0.036460910018232595,True,0.37553274102341444,0.039071831005181856,0.032343132385814204,0.0,0.039672219213314874,0.06817126544240526,0.11121399031382619,0.0004050514318522614,0.469267793552327,0.010315468912034463,0.011793445301965976,1.012458515265462,0.30484905265524365,True,1.4324297906875969e-08,0.0705762079087796,0.05871311286111708,0.0,0.021552340290984028,3.0286246540254282,127.50486214091838,59.95,59.65,True,2.6736702794513603,21.121375345974574
WISE,12,1.0,0.0,0.0,1.6653345369377348e-16,0.39887612755514545,0.23112548393078608,0.09887612755514547,True,0.43559924603507405,0.036723118479928596,0.03468401257096237,0.0,0.039672219213314874,0.11605356149303792,0.1592470582695856,1.2844340422658386e-05,0.4129545751586355,0.010224686672925897,0.01172052960362279,0.9662010666744206,0.30484905265524365,True,1.4294827331423716e-08,0.06793674843362577,0.059257975820863173,0.0,0.02164781619464531,3.2786246540254282,126.67498526953125,60.15,60.0,True,2.6736702794513603,21.121375345974574
SCALAR,12,1.0,0.0,0.0,1.6653345369377348e-16,0.39887612755514545,0.23112548393078608,0.09887612755514547,True,0.43559924603507405,0.036723118479928596,0.03468401257096237,0.0,0.039672219213314874,0.11605356149303792,0.1592470582695856,1.2844340422658386e-05,0.4129545751586355,0.010224686672925897,0.01172052960362279,0.9662010666744206,0.30484905265524365,True,1.4294827331423716e-08,0.06793674843362577,0.059257975820863173,0.0,0.02164781619464531,3.2786246540254282,126.67498526953125,60.15,60.0,True,2.6736702794513603,21.121375345974574
RANDOM-FIBER,12,1.0,0.0,0.0,0.3988761275551457,-7.954423143705765e-17,4.645476757589288e-16,-0.30000000000000004,True,-4.0715083443548785e-16,-3.276066029984302e-16,-3.000115844062529e-16,0.0,-0.20710678118654763,-0.20710678118654763,-0.2071067811865157,376294.5433455568,47793.960592402174,0.006707551148390431,0.02175788984392073,4.329803235217872,0.30484905265524365,False,5.661648141113036e-09,0.391310743313582,0.7371519877397219,0.7371519877397219,0.031858494184856874,nan,129.04465140173014,nan,47.5,False,2.6736702794513603,21.121375345974574
PROD,13,1.0,0.0,0.0,0.3988761275551454,2.2422879115109017e-16,4.645476757589288e-16,-0.29999999999999977,True,-7.46164597441925e-16,-9.70393388593015e-16,-4.70943542409813e-16,0.0,-0.20710678118654735,-0.20710678118654735,-0.20710678118651585,528451.6728891219,40251.917205883845,0.007505158561978684,0.019087836003841677,1.940798585447994,1.7476585816104397e-07,False,2.0308127087272488e-08,0.16516435119169912,0.7563890023078159,0.7563890023078159,0.03013137710307581,nan,112.66942141749304,nan,46.6,False,2.6657251388236736,20.875374270105684
HARD,13,1.0,0.0,0.0,0.06241521753691304,0.3364609100182326,0.25563860722427023,0.036460910018232595,True,0.375670664427841,0.03920975440960839,0.032523802716686354,0.0,0.039672219213314874,0.06817126544240526,0.10978077689581375,0.000411270635523852,0.3182919121094521,0.011428916528170392,0.009214356789357826,0.270747794747853,7.111295772850182e-08,True,1.5433118063162593e-08,0.036656116564719725,0.04311035989152445,0.0,0.02132518327120724,0.004625729894321751,118.45218963345738,58.75,58.45,True,2.6657251388236736,20.875374270105684
WISE,13,1.0,0.0,0.0,1.6653345369377348e-16,0.39887612755514545,0.23112548393078608,0.09887612755514547,True,0.43557808788554897,0.036701960330403516,0.036038042802614544,0.0,0.039672219213314874,0.11605356149303792,0.15727876492913012,1.330587574407578e-05,0.28254067692964324,0.011382085703985115,0.009170198135684784,0.2960887922107052,7.111258774675733e-08,True,1.541671420800876e-08,0.03680595506150203,0.04264699309192532,0.0,0.021301970936803458,0.004625729894321751,118.03471764410318,58.85,58.7,True,2.6657251388236736,20.875374270105684
SCALAR,13,1.0,0.0,0.0,1.6653345369377348e-16,0.39887612755514545,0.23112548393078608,0.09887612755514547,True,0.43557808788554897,0.036701960330403516,0.036038042802614544,0.0,0.039672219213314874,0.11605356149303792,0.15727876492913012,1.330587574407578e-05,0.28254067692964324,0.011382085703985115,0.009170198135684784,0.2960887922107052,7.111258774675733e-08,True,1.541671420800876e-08,0.03680595506150203,0.04264699309192532,0.0,0.021301970936803458,0.004625729894321751,118.03471764410318,58.85,58.7,True,2.6657251388236736,20.875374270105684
RANDOM-FIBER,13,1.0,0.0,0.0,0.3988761275551457,-7.954423143705765e-17,4.645476757589288e-16,-0.30000000000000004,True,-4.4259566533316167e-16,-3.6305143389610403e-16,-3.8650366408137236e-16,0.0,-0.20710678118654763,-0.20710678118654763,-0.20710678118651574,376284.4134234116,17849.03474806193,0.007508138513780061,0.018970990848418898,1.5728448631457297,8.276821323110505e-08,False,7.59067907999363e-09,0.1373370521218728,0.6447868324015527,0.6447868324015527,0.030131377962554263,nan,114.02441187597182,nan,46.7,False,2.6657251388236736,20.875374270105684
PROD,14,1.0,0.0,0.0,0.3988761275551454,2.2422879115109017e-16,4.645476757589288e-16,-0.29999999999999977,True,-7.033026667407248e-16,-9.27531457891815e-16,-4.128641872824801e-16,0.0,-0.20710678118654735,-0.20710678118654735,-0.20710678118651582,528451.6728891217,50692.42356461295,0.0076536957032059,0.020037368923714025,2.801804108149732,2.7982351909596955e-07,False,2.571687546597449e-08,0.2352195476575043,0.7847892893611781,0.7847892893611781,0.029937909170802406,nan,109.03486174394722,nan,46.75,False,2.4928377588563713,22.471572058794564
HARD,14,1.0,0.0,0.0,0.06241521753691304,0.3364609100182326,0.25563860722427023,0.036460910018232595,True,0.37567432777486165,0.039213417756629065,0.03253844629340522,0.0,0.039672219213314874,0.06817126544240526,0.10989597570749106,0.00041056559429387057,0.24997540051022918,0.011651000942658281,0.01087199523831888,0.23782032567804975,6.422328249636989e-08,True,1.6304753925134385e-08,0.03023824713503388,0.033405826182535736,0.0,0.02181475888346367,0.008427941205439993,119.29873364507424,58.800000000000004,58.550000000000004,True,2.4928377588563713,22.471572058794564
WISE,14,1.0,0.0,0.0,1.6653345369377348e-16,0.39887612755514545,0.23112548393078608,0.09887612755514547,True,0.4355302468677408,0.036654119312595324,0.035982188556369386,0.0,0.039672219213314874,0.11605356149303792,0.15732123825868274,1.3396359477064603e-05,0.22301261912639905,0.011610881874724225,0.010829107671473954,0.23863073956307115,6.422333060248876e-08,True,1.628934415442648e-08,0.029995498991826228,0.033423696395189884,0.0,0.021799987741758352,0.008427941205439993,118.98922620846517,58.9,58.75,True,2.4928377588563713,22.471572058794564
SCALAR,14,1.0,0.0,0.0,1.6653345369377348e-16,0.39887612755514545,0.23112548393078608,0.09887612755514547,True,0.4355302468677408,0.036654119312595324,0.035982188556369386,0.0,0.039672219213314874,0.11605356149303792,0.15732123825868274,1.3396359477064603e-05,0.22301261912639905,0.011610881874724225,0.010829107671473954,0.23863073956307115,6.422333060248876e-08,True,1.628934415442648e-08,0.029995498991826228,0.033423696395189884,0.0,0.021799987741758352,0.008427941205439993,118.98922620846517,58.9,58.75,True,2.4928377588563713,22.471572058794564
RANDOM-FIBER,14,1.0,0.0,0.0,0.3988761275551457,-7.954423143705765e-17,4.645476757589288e-16,-0.30000000000000004,True,-4.427900470161318e-16,-3.6324581557907415e-16,-3.683051367713314e-16,0.0,-0.20710678118654763,-0.20710678118654763,-0.20710678118651574,376281.07114395313,28806.546734144405,0.007657360606568956,0.02001822623533406,2.7290912130553524,7.617895163248231e-08,False,7.2600926588535704e-09,0.227633836142038,0.6938132110862255,0.6938132110862255,0.029937908964531086,nan,109.10654354057233,nan,46.75,False,2.4928377588563713,22.471572058794564
PROD,15,1.0,0.0,0.0,0.3988761275551454,2.2422879115109017e-16,4.645476757589288e-16,-0.29999999999999977,True,-7.750160533817314e-16,-9.992448445328215e-16,-4.794884107817143e-16,0.0,-0.20710678118654735,-0.20710678118654735,-0.20710678118651582,528451.6728891215,44075.02187298801,0.008077884941180955,0.02026968493708251,4.323222565840266,7.889076224784888e-08,False,1.2927019425587195e-08,0.3931757777251779,0.7681694110835889,0.7681694110835889,0.03086706208447668,nan,114.66361724842638,nan,47.95,False,2.692889947779799,23.89775733926344
HARD,15,1.0,0.0,0.0,0.06241521753691304,0.3364609100182326,0.25563860722427023,0.036460910018232595,True,0.37563290398138877,0.03917199396315618,0.032448912972611654,0.0,0.039672219213314874,0.06817126544240526,0.11078228008291756,0.0003990230803130017,0.4491061463797923,0.01119838945225838,0.010150586292498995,0.8937724710898756,5.6997543760197434e-08,True,1.3647156637261476e-08,0.061554646905240984,0.057818401500243866,0.0,0.02069451932112018,2.902242660736569,116.59587144293961,59.6,59.1,True,2.692889947779799,23.89775733926344
WISE,15,1.0,0.0,0.0,1.6653345369377348e-16,0.39887612755514545,0.23112548393078608,0.09887612755514547,True,0.43570325761450424,0.03682713005935878,0.036186633759862884,0.0,0.039672219213314874,0.11605356149303792,0.15853716302998908,1.2815370372290202e-05,0.3949693211991739,0.011146403537984514,0.010061068690503367,0.9044975115445055,5.551515627211651e-08,True,1.3629981426270723e-08,0.061588388625000955,0.05744075138487381,0.0,0.02074621955300715,3.002242660736563,115.98239223015163,59.75,59.5,True,2.692889947779799,23.89775733926344
SCALAR,15,1.0,0.0,0.0,1.6653345369377348e-16,0.39887612755514545,0.23112548393078608,0.09887612755514547,True,0.43570325761450424,0.03682713005935878,0.036186633759862884,0.0,0.039672219213314874,0.11605356149303792,0.15853716302998908,1.2815370372290202e-05,0.3949693211991739,0.011146403537984514,0.010061068690503367,0.9044975115445055,5.551515627211651e-08,True,1.3629981426270723e-08,0.061588388625000955,0.05744075138487381,0.0,0.02074621955300715,3.002242660736563,115.98239223015163,59.75,59.5,True,2.692889947779799,23.89775733926344
RANDOM-FIBER,15,1.0,0.0,0.0,0.3988761275551457,-7.954423143705765e-17,4.645476757589288e-16,-0.30000000000000004,True,-4.720560652139275e-16,-3.9251183377686984e-16,-3.65693583712959e-16,0.0,-0.20710678118654763,-0.20710678118654763,-0.20710678118651576,376268.87317825615,22214.43662587821,0.00808009197119271,0.019942707894282926,3.847619870776385,7.982234303617373e-08,False,6.4105654320828915e-09,0.338284300363777,0.6632478840293673,0.6632478840293673,0.0308670592588064,nan,115.3853486307673,nan,48.1,False,2.692889947779799,23.89775733926344
PROD,16,1.0,0.0,0.0,0.3988761275551454,2.2422879115109017e-16,4.645476757589288e-16,-0.29999999999999977,True,-7.575779895320333e-16,-9.818067806831234e-16,-4.027268969697406e-16,0.0,-0.20710678118654735,-0.20710678118654735,-0.20710678118651582,528451.6728891215,55118.83752889229,0.008593431378067397,0.020945620385941447,3.478836711316709,0.23399027806060835,False,1.6260668984876653e-08,0.2990674671819833,0.7994048219826944,0.7994048219826944,0.029926202168962773,nan,108.16647458393382,nan,46.75,False,2.380662021646284,23.585372977204596
HARD,16,1.0,0.0,0.0,0.06241521753691304,0.3364609100182326,0.25563860722427023,0.036460910018232595,True,0.37568539459188854,0.03922448457365596,0.03253710099937436,0.0,0.039672219213314874,0.06817126544240526,0.11007615879477102,0.00041347392207862025,0.20756840341585958,0.012071828450544818,0.012210451553107009,0.23399027806060835,0.23399027806060835,True,1.545681266142263e-08,0.028534465456646778,0.027227214673224753,0.0,0.021122130205463746,0.0046270227954039456,116.73420755427993,58.9,58.65,True,2.380662021646284,23.585372977204596
WISE,16,1.0,0.0,0.0,1.6653345369377348e-16,0.39887612755514545,0.23112548393078608,0.09887612755514547,True,0.4336076641174613,0.03473153656231587,0.03210723714507567,0.0,0.039672219213314874,0.11605356149303792,0.15749147979510394,1.3525106739582058e-05,0.1861338766011736,0.012038329103416848,0.012169607823347294,0.23399027806060835,0.23399027806060835,True,1.5442082019565707e-08,0.02813667207037625,0.027568659652146943,0.0,0.02111237437414511,0.0046270227954039456,116.47691124409643,59.0,58.85,True,2.380662021646284,23.585372977204596
SCALAR,16,1.0,0.0,0.0,1.6653345369377348e-16,0.39887612755514545,0.23112548393078608,0.09887612755514547,True,0.4336076641174613,0.03473153656231587,0.03210723714507567,0.0,0.039672219213314874,0.11605356149303792,0.15749147979510394,1.3525106739582058e-05,0.1861338766011736,0.012038329103416848,0.012169607823347294,0.23399027806060835,0.23399027806060835,True,1.5442082019565707e-08,0.02813667207037625,0.027568659652146943,0.0,0.02111237437414511,0.0046270227954039456,116.47691124409643,59.0,58.85,True,2.380662021646284,23.585372977204596
RANDOM-FIBER,16,1.0,0.0,0.0,0.3988761275551457,-7.954423143705765e-17,4.645476757589288e-16,-0.30000000000000004,True,-4.325422285280455e-16,-3.529979970909879e-16,-3.6635858251124355e-16,0.0,-0.20710678118654763,-0.20710678118654763,-0.20710678118651574,376290.69471807766,33356.39552667458,0.008596281864332717,0.02102093008523067,3.5978249362876444,0.23399027806060835,False,6.4994318893372295e-09,0.3097734051143445,0.7126654403353173,0.7126654403353173,0.0299262012599427,nan,108.58057170200384,nan,46.65,False,2.380662021646284,23.585372977204596
PROD,17,1.0,0.0,0.0,0.3988761275551454,2.2422879115109017e-16,4.645476757589288e-16,-0.29999999999999977,True,-6.00812432229338e-16,-8.250412233804282e-16,-4.114276194039368e-16,0.0,-0.20710678118654735,-0.20710678118654735,-0.20710678118651585,528451.6728891218,63171.00014508032,0.008107857957037508,0.02090195767942085,3.1852866765897425,8.543667118557829e-07,False,1.1213981299166847e-08,0.26928918212960185,0.8058176486334294,0.8058176486334294,0.0307950722849079,nan,121.33073677602867,nan,47.300000000000004,False,2.8743655234729575,20.56347234653629
HARD,17,1.0,0.0,0.0,0.06241521753691304,0.3364609100182326,0.25563860722427023,0.036460910018232595,True,0.3756307023510238,0.03916979233279122,0.03246416187257337,0.0,0.039672219213314874,0.06817126544240526,0.11127286349037285,0.0004071376554680404,0.44076353762260007,0.011312920793725792,0.011718836005408666,0.7953614934973342,8.543667118557829e-07,True,1.455377738480706e-08,0.05789265884411402,0.056114741558093095,0.0,0.020691795444728725,2.6865276534637132,122.26365028947203,59.95,59.7,True,2.8743655234729575,20.56347234653629
WISE,17,1.0,0.0,0.0,1.6653345369377348e-16,0.39887612755514545,0.23112548393078608,0.09887612755514547,True,0.43469928740929104,0.03582315985414558,0.03377040938135614,0.0,0.039672219213314874,0.11605356149303792,0.15925907745047146,1.2991025799606525e-05,0.3884982824608163,0.01123546629624816,0.011664521534144953,0.7672007005099694,8.543667118557829e-07,True,1.452605103989708e-08,0.05630072152275038,0.05640866664689104,0.0,0.020671152695867317,2.836527653463712,121.58498965942466,60.15,60.0,True,2.8743655234729575,20.56347234653629
SCALAR,17,1.0,0.0,0.0,1.6653345369377348e-16,0.39887612755514545,0.23112548393078608,0.09887612755514547,True,0.43469928740929104,0.03582315985414558,0.03377040938135614,0.0,0.039672219213314874,0.11605356149303792,0.15925907745047146,1.2991025799606525e-05,0.3884982824608163,0.01123546629624816,0.011664521534144953,0.7672007005099694,8.543667118557829e-07,True,1.452605103989708e-08,0.05630072152275038,0.05640866664689104,0.0,0.020671152695867317,2.836527653463712,121.58498965942466,60.15,60.0,True,2.8743655234729575,20.56347234653629
RANDOM-FIBER,17,1.0,0.0,0.0,0.3988761275551457,-7.954423143705765e-17,4.645476757589288e-16,-0.30000000000000004,True,-4.275635774103007e-16,-3.4801934597324304e-16,-2.932163023589445e-16,0.0,-0.20710678118654763,-0.20710678118654763,-0.20710678118651576,376299.3091185729,42741.011585304645,0.00810985457921759,0.02101995765069175,3.4359336498283266,8.543667118557829e-07,False,5.818278077423912e-09,0.29394359776792284,0.7330475780970769,0.7330475780970769,0.030795071978097187,nan,121.42094026734915,nan,47.25,False,2.8743655234729575,20.56347234653629
PROD,18,1.0,0.0,0.0,0.3988761275551454,2.2422879115109017e-16,4.645476757589288e-16,-0.29999999999999977,True,-5.914824888088651e-16,-8.157112799599553e-16,-3.8069048781397274e-16,0.0,-0.20710678118654735,-0.20710678118654735,-0.20710678118651585,528451.672889122,40479.76465664631,0.007780313973247885,0.020159252292819476,2.693336355447381,1.2515110636162597e-07,False,1.8762005396814357e-08,0.2247935745874907,0.7595134131755603,0.7595134131755603,0.03129249538656988,nan,118.87551870368954,nan,47.15,False,2.375125832908636,22.624998013044113
HARD,18,1.0,0.0,0.0,0.06241521753691304,0.3364609100182326,0.25563860722427023,0.036460910018232595,True,0.3755382504588005,0.03907734044056793,0.032382448309056504,0.0,0.039672219213314874,0.06817126544240526,0.1099578151799587,0.00040650628794223494,0.3231475297085933,0.01177891529640963,0.01041115048466034,0.3790313085581792,5.648242778787281e-08,True,1.6505063202072152e-08,0.03777267846153606,0.04303265564855252,0.0,0.022114046582901038,0.0050019869558894925,127.10860739236001,58.9,58.550000000000004,True,2.375125832908636,22.624998013044113
WISE,18,1.0,0.0,0.0,1.6653345369377348e-16,0.39887612755514545,0.23112548393078608,0.09887612755514547,True,0.43544596209038267,0.03656983453523721,0.03590925622179519,0.0,0.039672219213314874,0.11605356149303792,0.1574457878555367,1.3277088748804414e-05,0.28524715975693443,0.011736613636050455,0.010355604219998649,0.4032674748486339,5.537689199989598e-08,True,1.6490856365450346e-08,0.037922888054814925,0.042505119558792936,0.0,0.02209530917403684,0.0050019869558894925,126.64484932814165,59.0,58.800000000000004,True,2.375125832908636,22.624998013044113
SCALAR,18,1.0,0.0,0.0,1.6653345369377348e-16,0.39887612755514545,0.23112548393078608,0.09887612755514547,True,0.43544596209038267,0.03656983453523721,0.03590925622179519,0.0,0.039672219213314874,0.11605356149303792,0.1574457878555367,1.3277088748804414e-05,0.28524715975693443,0.011736613636050455,0.010355604219998649,0.4032674748486339,5.537689199989598e-08,True,1.6490856365450346e-08,0.037922888054814925,0.042505119558792936,0.0,0.02209530917403684,0.0050019869558894925,126.64484932814165,59.0,58.800000000000004,True,2.375125832908636,22.624998013044113
RANDOM-FIBER,18,1.0,0.0,0.0,0.3988761275551457,-7.954423143705765e-17,4.645476757589288e-16,-0.30000000000000004,True,-4.472819496070531e-16,-3.6773771816999545e-16,-4.0905579128046103e-16,0.0,-0.20710678118654763,-0.20710678118654763,-0.20710678118651576,376295.4507646472,18207.337236314346,0.007783833734479747,0.019954487165270478,2.2000110194740934,8.567714477754021e-08,False,8.142412898386905e-09,0.181557629695667,0.6467260381079394,0.6467260381079394,0.03129249564441034,nan,120.3397080416245,nan,47.35,False,2.375125832908636,22.624998013044113
PROD,19,1.0,0.0,0.0,0.3988761275551454,2.2422879115109017e-16,4.645476757589288e-16,-0.29999999999999977,True,-8.199976775598082e-16,-1.0442264687108984e-15,-4.038653092508504e-16,0.0,-0.20710678118654735,-0.20710678118654735,-0.20710678118651582,528451.6728891222,37614.618839743416,0.007208051987077363,0.01970176194580118,2.2092910631768428,0.05462384564715836,False,1.644961151889695e-08,0.18317385599272912,0.7460359236049836,0.7460359236049836,0.03167295446704218,nan,128.48058731778391,nan,47.15,False,2.7500190116393686,20.199652995379367
HARD,19,1.0,0.0,0.0,0.06241521753691304,0.3364609100182326,0.25563860722427023,0.036460910018232595,True,0.375535713737636,0.03907480371940342,0.03191810555840151,0.0,0.039672219213314874,0.06817126544240526,0.11028829248270405,0.0004077557749012507,0.4536331792435816,0.011016136617756649,0.009404650652923936,0.6271662412335063,6.215040955332104e-08,True,1.4933023404400875e-08,0.05392562525697008,0.060518334968502174,0.0,0.0213882575634378,3.4503470046206317,128.06532255688865,59.2,58.9,True,2.7500190116393686,20.199652995379367
WISE,19,1.0,0.0,0.0,1.6653345369377348e-16,0.39887612755514545,0.23112548393078608,0.09887612755514547,True,0.43554645490276567,0.03667032734762021,0.036025310608522716,0.0,0.039672219213314874,0.11605356149303792,0.1580758816487631,1.3047421192142982e-05,0.4015335874028502,0.010944137377024574,0.009343108565194292,0.6662412551430017,6.173683143021261e-08,True,1.4909114186397943e-08,0.05484185627532128,0.059856580060937914,0.0,0.021468552906729766,3.500347004620636,127.27373819657163,59.4,59.2,True,2.7500190116393686,20.199652995379367
SCALAR,19,1.0,0.0,0.0,1.6653345369377348e-16,0.39887612755514545,0.23112548393078608,0.09887612755514547,True,0.43554645490276567,0.03667032734762021,0.036025310608522716,0.0,0.039672219213314874,0.11605356149303792,0.1580758816487631,1.3047421192142982e-05,0.4015335874028502,0.010944137377024574,0.009343108565194292,0.6662412551430017,6.173683143021261e-08,True,1.4909114186397943e-08,0.05484185627532128,0.059856580060937914,0.0,0.021468552906729766,3.500347004620636,127.27373819657163,59.4,59.2,True,2.7500190116393686,20.199652995379367
RANDOM-FIBER,19,1.0,0.0,0.0,0.3988761275551457,-7.954423143705765e-17,4.645476757589288e-16,-0.30000000000000004,True,-4.649853238954871e-16,-3.8544109245842945e-16,-3.4618595922394684e-16,0.0,-0.20710678118654763,-0.20710678118654763,-0.2071067811865157,376265.07976966863,15039.819140825832,0.007212588720125055,0.0195366010466267,1.7431395246859396,0.05805810827956883,False,7.750860434976835e-09,0.14306950636981083,0.6267294457884922,0.6267294457884922,0.031672954559957285,nan,130.2082325042889,nan,47.300000000000004,False,2.7500190116393686,20.199652995379367
PROD,20,1.0,0.0,0.0,0.3988761275551454,2.2422879115109017e-16,4.645476757589288e-16,-0.29999999999999977,True,-6.50894789262218e-16,-8.751235804133081e-16,-5.134781488891349e-16,0.0,-0.20710678118654735,-0.20710678118654735,-0.20710678118651585,528451.6728891217,61499.14871836621,0.0061057205571085375,0.019927773916457277,2.8370698418553295,0.24112455795583013,False,1.1231761973246927e-08,0.23423665004862695,0.7977168226015864,0.7977168226015864,0.02945261364008447,nan,102.87623108496982,nan,46.15,False,2.4305957775055553,22.209309983750025
HARD,20,1.0,0.0,0.0,0.06241521753691304,0.3364609100182326,0.25563860722427023,0.036460910018232595,True,0.3757379397933316,0.039277029775099004,0.03259299553048475,0.0,0.039672219213314874,0.06817126544240526,0.1093138487274581,0.0004181201897338058,0.17451083321638533,0.010553845730325254,0.01083562305707227,0.24112456802884438,0.24112456802884438,True,1.475166360102061e-08,0.026295183016283846,0.02293765230674183,0.0,0.020796966607376722,0.0006900162499761109,111.49967414735825,58.25,58.1,True,2.4305957775055553,22.209309983750025
WISE,20,1.0,0.0,0.0,1.6653345369377348e-16,0.39887612755514545,0.23112548393078608,0.09887612755514547,True,0.43565890930482576,0.036782781749680304,0.03611802156216948,0.0,0.039672219213314874,0.11605356149303792,0.1566067936777602,1.3489568422803622e-05,0.15781395729001696,0.010515448797556113,0.0107982153640614,0.2411245696688199,0.2411245696688199,True,1.473598670167468e-08,0.02574503612548089,0.02357593273144265,0.0,0.02078650929573556,0.0006900162499761109,111.28117219323119,58.35,58.25,True,2.4305957775055553,22.209309983750025
SCALAR,20,1.0,0.0,0.0,1.6653345369377348e-16,0.39887612755514545,0.23112548393078608,0.09887612755514547,True,0.43565890930482576,0.036782781749680304,0.03611802156216948,0.0,0.039672219213314874,0.11605356149303792,0.1566067936777602,1.3489568422803622e-05,0.15781395729001696,0.010515448797556113,0.0107982153640614,0.2411245696688199,0.2411245696688199,True,1.473598670167468e-08,0.02574503612548089,0.02357593273144265,0.0,0.02078650929573556,0.0006900162499761109,111.28117219323119,58.35,58.25,True,2.4305957775055553,22.209309983750025
RANDOM-FIBER,20,1.0,0.0,0.0,0.3988761275551457,-7.954423143705765e-17,4.645476757589288e-16,-0.30000000000000004,True,-4.475684745972994e-16,-3.6802424316024176e-16,-3.0152527256711e-16,0.0,-0.20710678118654763,-0.20710678118654763,-0.20710678118651576,376268.5865420028,40639.78369927577,0.006107030977153783,0.02008255146006396,3.1622226254337527,0.24112455795583013,False,5.41914553399997e-09,0.2633754761091499,0.7206664415742163,0.7206664415742163,0.02945261247841687,nan,103.730942609207,nan,45.95,False,2.4305957775055553,22.209309983750025
PROD,21,1.0,0.0,0.0,0.3988761275551454,2.2422879115109017e-16,4.645476757589288e-16,-0.29999999999999977,True,-7.847241798786753e-16,-1.0089529710297654e-15,-3.885780586468914e-16,0.0,-0.20710678118654735,-0.20710678118654735,-0.20710678118651582,528451.6728891219,61084.21314195599,0.00606992460956302,0.021455866677312172,4.383216482391288,0.25006798843548644,False,1.7039413955676927e-08,0.39857296764178624,0.7980118848476838,0.7980118848476838,0.03203217239723868,nan,125.61390185863476,nan,47.45,False,2.3506838531261884,23.223281307906692
HARD,21,1.0,0.0,0.0,0.06241521753691304,0.3364609100182326,0.25563860722427023,0.036460910018232595,True,0.37549864986776627,0.03903773984953368,0.03230505608118978,0.0,0.039672219213314874,0.06817126544240526,0.11054701257273258,0.00040760957768153544,0.3830640232221664,0.010131562319377263,0.011193489042309816,0.8053586595794591,0.2500679569783975,True,1.4435602088721285e-08,0.05533584588712428,0.04846330448659858,0.0,0.021761623685622053,0.006718692093315326,126.06359588544031,59.4,59.0,True,2.3506838531261884,23.223281307906692
WISE,21,1.0,0.0,0.0,1.6653345369377348e-16,0.39887612755514545,0.23112548393078608,0.09887612755514547,True,0.4355727745476056,0.03669664699246017,0.03606003313422264,0.0,0.039672219213314874,0.11605356149303792,0.1583038650090557,1.3012312135752192e-05,0.33986231628240776,0.01005981893811101,0.011104411503648397,0.7728290883467663,0.25006795188393127,True,1.4410928218239774e-08,0.053661674162845986,0.049039299855616614,0.0,0.021814264360819863,0.006718692093315326,125.4095750288787,59.6,59.35,True,2.3506838531261884,23.223281307906692
SCALAR,21,1.0,0.0,0.0,1.6653345369377348e-16,0.39887612755514545,0.23112548393078608,0.09887612755514547,True,0.4355727745476056,0.03669664699246017,0.03606003313422264,0.0,0.039672219213314874,0.11605356149303792,0.1583038650090557,1.3012312135752192e-05,0.33986231628240776,0.01005981893811101,0.011104411503648397,0.7728290883467663,0.25006795188393127,True,1.4410928218239774e-08,0.053661674162845986,0.049039299855616614,0.0,0.021814264360819863,0.006718692093315326,125.4095750288787,59.6,59.35,True,2.3506838531261884,23.223281307906692
RANDOM-FIBER,21,1.0,0.0,0.0,0.3988761275551457,-7.954423143705765e-17,4.645476757589288e-16,-0.30000000000000004,True,-4.4408660048661477e-16,-3.6454236904955713e-16,-3.6007186949504097e-16,0.0,-0.20710678118654763,-0.20710678118654763,-0.20710678118651576,376277.7197077442,40347.90606265999,0.006071366810320768,0.021518795700342184,4.429743080071664,0.25006798843548644,False,5.551948371232003e-09,0.3963294907695046,0.719265470336721,0.719265470336721,0.03203217374133804,nan,126.32254023641079,nan,47.2,False,2.3506838531261884,23.223281307906692
PROD,22,1.0,0.0,0.0,0.3988761275551454,2.2422879115109017e-16,4.645476757589288e-16,-0.29999999999999977,True,-6.540089479689564e-16,-8.782377391200465e-16,-4.137315490204685e-16,0.0,-0.20710678118654735,-0.20710678118654735,-0.20710678118651582,528451.672889122,37877.667205081416,0.00606732239459292,0.019699433804060057,3.043330471225634,0.05944161039404536,False,1.8380414044928046e-08,0.2504100672710997,0.7364718624786937,0.7364718624786937,0.03198013145811176,nan,129.6859208214521,nan,47.6,False,2.8368445512152145,20.91758620021862
HARD,22,1.0,0.0,0.0,0.06241521753691304,0.3364609100182326,0.25563860722427023,0.036460910018232595,True,0.37552582779337396,0.03906491777514137,0.03233159346030199,0.0,0.039672219213314874,0.06817126544240526,0.11018119243175177,0.000400828227435368,0.5370053731648315,0.010113749253593889,0.009174674237607197,1.109825519916653,6.542156486545733e-08,True,1.4115417014914354e-08,0.07591048915108639,0.07050694455803536,0.0,0.02165698699414189,4.332413799781378,127.12871105102687,59.2,58.800000000000004,True,2.8368445512152145,20.91758620021862
WISE,22,1.0,0.0,0.0,1.6653345369377348e-16,0.39887612755514545,0.23112548393078608,0.09887612755514547,True,0.4356114977720426,0.036735370216897156,0.035348153715256944,0.0,0.039672219213314874,0.11605356149303792,0.1580481991741942,1.2844975137440355e-05,0.4732180181068775,0.01003029737808082,0.009092929706751572,1.1484759156044042,6.331374638988562e-08,True,1.4091539334650025e-08,0.0775160657454087,0.06977428155595211,0.0,0.021748690031081704,4.482413799781376,126.16197075841065,59.4,59.15,True,2.8368445512152145,20.91758620021862
SCALAR,22,1.0,0.0,0.0,1.6653345369377348e-16,0.39887612755514545,0.23112548393078608,0.09887612755514547,True,0.4356114977720426,0.036735370216897156,0.035348153715256944,0.0,0.039672219213314874,0.11605356149303792,0.1580481991741942,1.2844975137440355e-05,0.4732180181068775,0.01003029737808082,0.009092929706751572,1.1484759156044042,6.331374638988562e-08,True,1.4091539334650025e-08,0.0775160657454087,0.06977428155595211,0.0,0.021748690031081704,4.482413799781376,126.16197075841065,59.4,59.15,True,2.8368445512152145,20.91758620021862
RANDOM-FIBER,22,1.0,0.0,0.0,0.3988761275551457,-7.954423143705765e-17,4.645476757589288e-16,-0.30000000000000004,True,-4.3012704235544064e-16,-3.50582810918383e-16,-3.713339609188226e-16,0.0,-0.20710678118654763,-0.20710678118654763,-0.2071067811865157,376293.4124658055,15787.524441424348,0.006072542912107736,0.019450716649714934,2.480794204658388,0.06337216773527643,False,7.601795163815176e-09,0.19648205394446505,0.6196612990455979,0.6196612990455979,0.03198012795001514,nan,130.88708568754737,nan,47.75,False,2.8368445512152145,20.91758620021862
PROD,23,1.0,0.0,0.0,0.3988761275551454,2.2422879115109017e-16,4.645476757589288e-16,-0.29999999999999977,True,-6.397799970519764e-16,-8.640087882030666e-16,-4.450920968596117e-16,0.0,-0.20710678118654735,-0.20710678118654735,-0.20710678118651585,528451.6728891223,71007.18509287828,0.0034058307961299223,0.021971977894379584,4.522836835996721,0.060051900449279105,False,1.619243413483037e-08,0.40882199899319616,0.7977565041052402,0.7977565041052402,0.03234580080738608,nan,133.71311876883624,nan,47.550000000000004,False,2.6570967179150244,21.263772827900045
HARD,23,1.0,0.0,0.0,0.06241521753691304,0.3364609100182326,0.25563860722427023,0.036460910018232595,True,0.37217036563449835,0.03570945561626576,0.02762137956208356,0.0,0.039672219213314874,0.06817126544240526,0.11052341053643418,0.0004099188237581952,0.5077626377739971,0.009353115884307355,0.011888047017221891,1.2808349896481803,6.617342999786158e-08,True,1.6292626365687263e-08,0.08325863272996531,0.06390202494645258,0.0,0.02239339946088742,3.6862271720999615,139.2765659013963,59.45,59.1,True,2.6570967179150244,21.263772827900045
WISE,23,1.0,0.0,0.0,1.6653345369377348e-16,0.39887612755514545,0.23112548393078608,0.09887612755514547,True,0.43537434776296646,0.03649822020782101,0.03584529331926707,0.0,0.039672219213314874,0.11605356149303792,0.15848861265819106,1.2890570520527812e-05,0.44892178741593275,0.009223598801435856,0.011796849758030465,1.2291525778968408,6.427616760065664e-08,True,1.6254107177587027e-08,0.07996013222979563,0.06458501562161362,0.0,0.02235650808897043,3.9362271720999615,138.25977789606935,59.7,59.5,True,2.6570967179150244,21.263772827900045
SCALAR,23,1.0,0.0,0.0,1.6653345369377348e-16,0.39887612755514545,0.23112548393078608,0.09887612755514547,True,0.43537434776296646,0.03649822020782101,0.03584529331926707,0.0,0.039672219213314874,0.11605356149303792,0.15848861265819106,1.2890570520527812e-05,0.44892178741593275,0.009223598801435856,0.011796849758030465,1.2291525778968408,6.427616760065664e-08,True,1.6254107177587027e-08,0.07996013222979563,0.06458501562161362,0.0,0.02235650808897043,3.9362271720999615,138.25977789606935,59.7,59.5,True,2.6570967179150244,21.263772827900045
RANDOM-FIBER,23,1.0,0.0,0.0,0.3988761275551457,-7.954423143705765e-17,4.645476757589288e-16,-0.30000000000000004,True,-4.428479297974311e-16,-3.6330369836037345e-16,-3.3904094587443763e-16,0.0,-0.20710678118654763,-0.20710678118654763,-0.2071067811865157,376281.98858068703,51592.74059853439,0.0034082423161658545,0.022413128129108506,5.189292013587855,0.05338349372753377,False,5.94926869415675e-09,0.48425951651653026,0.7296167509279201,0.7296167509279201,0.032345804636547404,nan,134.83468123352154,nan,47.300000000000004,False,2.6570967179150244,21.263772827900045
PROD,24,1.0,0.0,0.0,0.3988761275551454,2.2422879115109017e-16,4.645476757589288e-16,-0.29999999999999977,True,-6.613426928801143e-16,-8.855714840312045e-16,-4.440892100492765e-16,0.0,-0.20710678118654735,-0.20710678118654735,-0.20710678118651585,528451.6728891223,35264.07957627458,0.006067154809230005,0.018711100751525923,1.3462832827807947,2.924328084599672e-07,False,2.656260037681447e-08,0.12464758214007281,0.7331672201384614,0.7331672201384614,0.029797000297947723,nan,108.83763070319492,nan,45.85,False,2.562847608474063,20.491774712701492
HARD,24,1.0,0.0,0.0,0.06241521753691304,0.3364609100182326,0.25563860722427023,0.036460910018232595,True,0.3757282904525505,0.03926738043431793,0.03256285527901363,0.0,0.039672219213314874,0.06817126544240526,0.10869492172878091,0.0004143655790653369,0.24837732487058534,0.010397901873236012,0.008661580702506477,0.09260122420896102,4.944574153310915e-08,True,1.3978086425360374e-08,0.028168600283401013,0.034484723109613036,0.0,0.01993203634574942,0.008225287298508022,110.04165044195452,57.800000000000004,57.550000000000004,True,2.562847608474063,20.491774712701492
WISE,24,1.0,0.0,0.0,1.6653345369377348e-16,0.39887612755514545,0.23112548393078608,0.09887612755514547,True,0.4357430365801558,0.03686690902501033,0.03621581165238712,0.0,0.039672219213314874,0.11605356149303792,0.15592668025305045,1.352563809843428e-05,0.22120135538938937,0.010366289693597973,0.008624644471977623,0.09083547463374615,4.870769268396382e-08,True,1.3967933399459864e-08,0.0283893643283135,0.033928964422148655,0.0,0.019917151273100613,0.008225287298508022,109.75674509038542,57.85,57.75,True,2.562847608474063,20.491774712701492
SCALAR,24,1.0,0.0,0.0,1.6653345369377348e-16,0.39887612755514545,0.23112548393078608,0.09887612755514547,True,0.4357430365801558,0.03686690902501033,0.03621581165238712,0.0,0.039672219213314874,0.11605356149303792,0.15592668025305045,1.352563809843428e-05,0.22120135538938937,0.010366289693597973,0.008624644471977623,0.09083547463374615,4.870769268396382e-08,True,1.3967933399459864e-08,0.0283893643283135,0.033928964422148655,0.0,0.019917151273100613,0.008225287298508022,109.75674509038542,57.85,57.75,True,2.562847608474063,20.491774712701492
RANDOM-FIBER,24,1.0,0.0,0.0,0.3988761275551457,-7.954423143705765e-17,4.645476757589288e-16,-0.30000000000000004,True,-5.307704243840814e-16,-4.512261929470237e-16,-4.495104107709656e-16,0.0,-0.20710678118654763,-0.20710678118654763,-0.2071067811865157,376271.947169104,12755.579344709882,0.006073139062904973,0.018567831568348774,0.9342603227841066,8.017714494677135e-08,False,7.745633729290675e-09,0.09676693425478675,0.6031836519599505,0.6031836519599505,0.029797001471573565,nan,109.80849925380636,nan,46.050000000000004,False,2.562847608474063,20.491774712701492
PROD,25,1.0,0.0,0.0,0.3988761275551454,2.2422879115109017e-16,4.645476757589288e-16,-0.29999999999999977,True,-6.429415383151723e-16,-8.671703294662625e-16,-3.94134594752793e-16,0.0,-0.20710678118654735,-0.20710678118654735,-0.20710678118651585,528451.6728891222,78377.13036765173,0.004098533135100806,0.021432009886841068,3.423239324880349,0.042652417341048465,False,1.241644174941345e-08,0.2959411608670896,0.8109845786508666,0.8109845786508666,0.030665623603401727,nan,118.73577390119712,nan,46.800000000000004,False,2.828529150250233,20.228132906743216
HARD,25,1.0,0.0,0.0,0.06241521753691304,0.3364609100182326,0.25563860722427023,0.036460910018232595,True,0.37564777132691474,0.03918686130868215,0.03247713500141718,0.0,0.039672219213314874,0.06817126544240526,0.11047139739276599,0.0004066264037563645,0.42600675870661064,0.009017846365002956,0.01239894199008634,0.8710062427433214,0.042652417341048465,True,1.3959289345351428e-08,0.05977021919293859,0.052661674010676174,0.0,0.02047512035323767,1.9718670932567903,119.39259272723002,59.35,59.050000000000004,True,2.828529150250233,20.228132906743216
WISE,25,1.0,0.0,0.0,1.6653345369377348e-16,0.39887612755514545,0.23112548393078608,0.09887612755514547,True,0.4356624279354825,0.036786300380337034,0.03613876478950439,0.0,0.039672219213314874,0.11605356149303792,0.15834008976184596,1.2867184204330265e-05,0.3750203148552629,0.00891741780578696,0.012341060271551683,0.8054602122394977,0.042652417341048465,True,1.3929911368228035e-08,0.056535586640075464,0.053542983140981826,0.0,0.020551852514132257,2.2718670932567875,118.75308517908314,59.550000000000004,59.4,True,2.828529150250233,20.228132906743216
SCALAR,25,1.0,0.0,0.0,1.6653345369377348e-16,0.39887612755514545,0.23112548393078608,0.09887612755514547,True,0.4356624279354825,0.036786300380337034,0.03613876478950439,0.0,0.039672219213314874,0.11605356149303792,0.15834008976184596,1.2867184204330265e-05,0.3750203148552629,0.00891741780578696,0.012341060271551683,0.8054602122394977,0.042652417341048465,True,1.3929911368228035e-08,0.056535586640075464,0.053542983140981826,0.0,0.020551852514132257,2.2718670932567875,118.75308517908314,59.550000000000004,59.4,True,2.828529150250233,20.228132906743216
RANDOM-FIBER,25,1.0,0.0,0.0,0.3988761275551457,-7.954423143705765e-17,4.645476757589288e-16,-0.30000000000000004,True,-4.810480708107339e-16,-4.0150383937367626e-16,-3.0413479817560833e-16,0.0,-0.20710678118654763,-0.20710678118654763,-0.2071067811865157,376275.4605394143,60113.38247541556,0.004102108262943634,0.02178431329028732,4.104057877996481,0.042652417341048465,False,4.845123210853986e-09,0.3673670587102263,0.7492527941842284,0.7492527941842284,0.030665621200076286,nan,118.93621349590065,nan,46.550000000000004,False,2.828529150250233,20.228132906743216
PROD,26,1.0,0.0,0.0,0.3988761275551454,2.2422879115109017e-16,4.645476757589288e-16,-0.29999999999999977,True,-6.0487326842643e-16,-8.291020595775201e-16,-5.0133508455729725e-16,0.0,-0.20710678118654735,-0.20710678118654735,-0.20710678118651582,528451.6728891217,57171.111596798844,0.005059039562460008,0.01981861194809758,3.5574011825190515,1.5711401517821164e-07,False,1.6654837397945118e-08,0.3065635298799225,0.7824584907159293,0.7824584907159293,0.028968080978392225,nan,102.18370721072203,nan,46.6,False,2.8239376269969005,22.467238478788556
HARD,26,1.0,0.0,0.0,0.06241521753691304,0.3364609100182326,0.25563860722427023,0.036460910018232595,True,0.3758030780426672,0.03934216802443463,0.03265987751793477,0.0,0.039672219213314874,0.06817126544240526,0.10953485500518384,0.0004075361122792365,0.32107351296353126,0.009741506698690179,0.01073551064517519,0.5590651095619957,4.7374935075812865e-08,True,1.4238570535364434e-08,0.041717626287556,0.041830199873210794,0.0,0.020328314392423875,0.002761521211439799,109.00916528967592,58.5,58.2,True,2.8239376269969005,22.467238478788556
WISE,26,1.0,0.0,0.0,1.6653345369377348e-16,0.39887612755514545,0.23112548393078608,0.09887612755514547,True,0.43573319045605396,0.03685706290090851,0.035940113370003496,0.0,0.039672219213314874,0.11605356149303792,0.15701479021459727,1.3203477469385686e-05,0.2862636415079786,0.009682747482441755,0.010680087439415786,0.544948645364371,4.6539216818715326e-08,True,1.4219204485370173e-08,0.04098031188808352,0.04213561777011898,0.0,0.020309829969315657,0.002761521211439799,108.652942969783,58.65,58.5,True,2.8239376269969005,22.467238478788556
SCALAR,26,1.0,0.0,0.0,1.6653345369377348e-16,0.39887612755514545,0.23112548393078608,0.09887612755514547,True,0.43573319045605396,0.03685706290090851,0.035940113370003496,0.0,0.039672219213314874,0.11605356149303792,0.15701479021459727,1.3203477469385686e-05,0.2862636415079786,0.009682747482441755,0.010680087439415786,0.544948645364371,4.6539216818715326e-08,True,1.4219204485370173e-08,0.04098031188808352,0.04213561777011898,0.0,0.020309829969315657,0.002761521211439799,108.652942969783,58.65,58.5,True,2.8239376269969005,22.467238478788556
RANDOM-FIBER,26,1.0,0.0,0.0,0.3988761275551457,-7.954423143705765e-17,4.645476757589288e-16,-0.30000000000000004,True,-5.062419139489432e-16,-4.2669768251188555e-16,-3.292770181606586e-16,0.0,-0.20710678118654763,-0.20710678118654763,-0.2071067811865157,376290.24756353564,36056.62320869328,0.005062961399791376,0.01990183330626338,3.7603215924383813,6.985555435057208e-08,False,6.052586794335781e-09,0.32552350874776015,0.7002452823736128,0.7002452823736128,0.02896808036411724,nan,102.59095887304247,nan,46.5,False,2.8239376269969005,22.467238478788556
PROD,27,1.0,0.0,0.0,0.3988761275551454,2.2422879115109017e-16,4.645476757589288e-16,-0.29999999999999977,True,-7.524630347189208e-16,-9.76691825870011e-16,-4.3590348344779706e-16,0.0,-0.20710678118654735,-0.20710678118654735,-0.20710678118651585,528451.6728891222,63975.198128285505,0.006892534087954274,0.02109473349693918,2.798334259727066,7.313888034807522e-07,False,1.3748587501032661e-08,0.2389637878142531,0.8044387761326219,0.8044387761326219,0.030946415682423362,nan,118.26210252450292,nan,46.7,False,2.4407812326343636,21.298936315472428
HARD,27,1.0,0.0,0.0,0.06241521753691304,0.3364609100182326,0.25563860722427023,0.036460910018232595,True,0.3755760977415483,0.039115187723315736,0.03242560436422058,0.0,0.039672219213314874,0.06817126544240526,0.11023574990837645,0.000410300363027845,0.2926132970110689,0.011112863777512406,0.01194112194096447,0.3472266223953767,7.313888034807522e-07,True,1.628020674460399e-08,0.036395521677790865,0.03759593811526535,0.0,0.021972090519553285,0.001063684527565556,126.07030443774754,59.1,58.85,True,2.4407812326343636,21.298936315472428
WISE,27,1.0,0.0,0.0,1.6653345369377348e-16,0.39887612755514545,0.23112548393078608,0.09887612755514547,True,0.4354727780623814,0.03659665050723593,0.03395174731423022,0.0,0.039672219213314874,0.11605356149303792,0.1578412360984914,1.326445882844023e-05,0.26036285716578744,0.011051077804412026,0.011892578020855086,0.3180900448060653,7.313888034807522e-07,True,1.625750394974107e-08,0.03537116522800346,0.03812732368663213,0.0,0.0219505079843128,0.001063684527565556,125.62031004303346,59.25,59.1,True,2.4407812326343636,21.298936315472428
SCALAR,27,1.0,0.0,0.0,1.6653345369377348e-16,0.39887612755514545,0.23112548393078608,0.09887612755514547,True,0.4354727780623814,0.03659665050723593,0.03395174731423022,0.0,0.039672219213314874,0.11605356149303792,0.1578412360984914,1.326445882844023e-05,0.26036285716578744,0.011051077804412026,0.011892578020855086,0.3180900448060653,7.313888034807522e-07,True,1.625750394974107e-08,0.03537116522800346,0.03812732368663213,0.0,0.0219505079843128,0.001063684527565556,125.62031004303346,59.25,59.1,True,2.4407812326343636,21.298936315472428
RANDOM-FIBER,27,1.0,0.0,0.0,0.3988761275551457,-7.954423143705765e-17,4.645476757589288e-16,-0.30000000000000004,True,-4.542097661177799e-16,-3.7466553468072225e-16,-3.171404377681124e-16,0.0,-0.20710678118654763,-0.20710678118654763,-0.20710678118651576,376292.9252759126,43445.763630071444,0.006895551485307219,0.02125108185107642,3.126821035521863,7.313888034807522e-07,False,6.327726340870645e-09,0.2701592531347786,0.7311076036270913,0.7311076036270913,0.030946414223198167,nan,118.54880880152218,nan,46.6,False,2.4407812326343636,21.298936315472428
PROD,28,1.0,0.0,0.0,0.3988761275551454,2.2422879115109017e-16,4.645476757589288e-16,-0.29999999999999977,True,-7.952828952243134e-16,-1.0195116863754036e-15,-4.703133498970558e-16,0.0,-0.20710678118654735,-0.20710678118654735,-0.20710678118651582,528451.6728891219,89093.70715429608,0.0033347425491847896,0.02258909133761241,4.321459034072022,0.28038419402339454,False,1.226829582566529e-08,0.39148477249169805,0.821209692764372,0.821209692764372,0.03271269009170057,nan,138.0661705271148,nan,48.050000000000004,False,2.6400665006385866,20.321598674989108
HARD,28,1.0,0.0,0.0,0.06241521753691304,0.3364609100182326,0.25563860722427023,0.036460910018232595,True,0.37341034683471924,0.03694943681648666,0.02865769020704856,0.0,0.039672219213314874,0.06817126544240526,0.11125245758458542,0.00041263416189545493,0.5316395859727802,0.00820605227302709,0.013047517528099422,1.318741053961042,0.28038419402339454,True,1.2879023519595948e-08,0.08845263468481039,0.06323313955805426,0.0,0.022331943816518478,3.4784013250109,131.91082395120847,60.0,59.75,True,2.6400665006385866,20.321598674989108
WISE,28,1.0,0.0,0.0,1.6653345369377348e-16,0.39887612755514545,0.23112548393078608,0.09887612755514547,True,0.4356671299375642,0.036791002382418725,0.036172134227541404,0.0,0.039672219213314874,0.11605356149303792,0.15943035245596368,1.276803350046879e-05,0.46342024188323255,0.008077761802646959,0.012963316763052145,1.2143170390316553,0.28038419402339454,True,1.2844732417896732e-08,0.08190877218549436,0.06446340146352436,0.0,0.022448212718963252,3.828401325010894,130.85078195867737,60.25,60.1,True,2.6400665006385866,20.321598674989108
SCALAR,28,1.0,0.0,0.0,1.6653345369377348e-16,0.39887612755514545,0.23112548393078608,0.09887612755514547,True,0.4356671299375642,0.036791002382418725,0.036172134227541404,0.0,0.039672219213314874,0.11605356149303792,0.15943035245596368,1.276803350046879e-05,0.46342024188323255,0.008077761802646959,0.012963316763052145,1.2143170390316553,0.28038419402339454,True,1.2844732417896732e-08,0.08190877218549436,0.06446340146352436,0.0,0.022448212718963252,3.828401325010894,130.85078195867737,60.25,60.1,True,2.6400665006385866,20.321598674989108
RANDOM-FIBER,28,1.0,0.0,0.0,0.3988761275551457,-7.954423143705765e-17,4.645476757589288e-16,-0.30000000000000004,True,-4.433287824125049e-16,-3.6378455097544725e-16,-3.315648010306499e-16,0.0,-0.20710678118654763,-0.20710678118654763,-0.2071067811865157,376272.21367523354,72629.28799517557,0.0033364139174714472,0.023150154108163894,5.255493915114095,0.28038419402339454,False,4.091231181246774e-09,0.49280987275874794,0.7646911361145172,0.7646911361145172,0.03271270837744794,nan,139.0370175033237,nan,47.65,False,2.6400665006385866,20.321598674989108
PROD,29,1.0,0.0,0.0,0.3988761275551454,2.2422879115109017e-16,4.645476757589288e-16,-0.29999999999999977,True,-6.530808755828302e-16,-8.773096667339203e-16,-4.159541634740638e-16,0.0,-0.20710678118654735,-0.20710678118654735,-0.20710678118651585,528451.6728891225,47773.37038398865,0.007460796024595061,0.020822629305665367,3.9647262964670347,0.07834405722704746,False,2.2581271766002215e-08,0.34658719020053097,0.7718075339512631,0.7718075339512631,0.0328024035748606,nan,136.91481652498388,nan,48.5,False,2.6299192534730826,21.972764407447414
HARD,29,1.0,0.0,0.0,0.06241521753691304,0.3364609100182326,0.25563860722427023,0.036460910018232595,True,0.37436588100084245,0.037904970982609865,0.03034049613118617,0.0,0.039672219213314874,0.06817126544240526,0.11117395463547407,0.0004044014748914561,0.5383439546664096,0.010780140280908955,0.01046612175583347,1.2017390835449917,6.920333488013794e-08,True,1.4131284068789948e-08,0.08063319264569173,0.06919445481338449,0.0,0.022426967231786707,4.227235592552589,133.94334840057385,60.0,59.550000000000004,True,2.6299192534730826,21.972764407447414
WISE,29,1.0,0.0,0.0,1.6653345369377348e-16,0.39887612755514545,0.23112548393078608,0.09887612755514547,True,0.43557499509332365,0.03669886753817819,0.036072671800868476,0.0,0.039672219213314874,0.11605356149303792,0.15921976357775122,1.2829988424834885e-05,0.473481414923412,0.010698279699336937,0.010371997509209231,1.2094387941429259,6.700569986242771e-08,True,1.4105319082350165e-08,0.0806298221042649,0.06888012647700326,0.0,0.022532008468046046,4.427235592552584,132.86291014503246,60.2,59.95,True,2.6299192534730826,21.972764407447414
SCALAR,29,1.0,0.0,0.0,1.6653345369377348e-16,0.39887612755514545,0.23112548393078608,0.09887612755514547,True,0.43557499509332365,0.03669886753817819,0.036072671800868476,0.0,0.039672219213314874,0.11605356149303792,0.15921976357775122,1.2829988424834885e-05,0.473481414923412,0.010698279699336937,0.010371997509209231,1.2094387941429259,6.700569986242771e-08,True,1.4105319082350165e-08,0.0806298221042649,0.06888012647700326,0.0,0.022532008468046046,4.427235592552584,132.86291014503246,60.2,59.95,True,2.6299192534730826,21.972764407447414
RANDOM-FIBER,29,1.0,0.0,0.0,0.3988761275551457,-7.954423143705765e-17,4.645476757589288e-16,-0.30000000000000004,True,-4.539600804432332e-16,-3.7441584900617556e-16,-3.678667068282248e-16,0.0,-0.20710678118654763,-0.20710678118654763,-0.20710678118651576,376288.9296918678,26152.10317467804,0.00746330150220168,0.02065942759434182,3.6951736491171743,0.08059073461248772,False,6.63600938600389e-09,0.31662647087394663,0.6777900723025811,0.6777900723025811,0.032802393888854225,nan,136.99328541196084,nan,48.550000000000004,False,2.6299192534730826,21.972764407447414
PROD,30,1.0,0.0,0.0,0.3988761275551454,2.2422879115109017e-16,4.645476757589288e-16,-0.29999999999999977,True,-6.572238108089171e-16,-8.814526019600072e-16,-4.0932697769474613e-16,0.0,-0.20710678118654735,-0.20710678118654735,-0.20710678118651582,528451.672889122,50317.74862369113,0.0041005448852272555,0.020438171932542767,3.9939595443060885,0.059697506262902274,False,1.4899124812253855e-08,0.3506852757639753,0.759215595621067,0.759215595621067,0.032396891612486205,nan,131.719248586203,nan,47.75,False,2.7326541434635807,21.589574191760626
HARD,30,1.0,0.0,0.0,0.06241521753691304,0.3364609100182326,0.25563860722427023,0.036460910018232595,True,0.3754885715531453,0.039027661534912717,0.03213005453431955,0.0,0.039672219213314874,0.06817126544240526,0.11018480932401954,0.0004029398867299902,0.5515381620038604,0.008971643915174346,0.009751109549079028,1.3109024339511672,6.730158452950904e-08,True,1.3531120329039783e-08,0.08759910578047912,0.07070285132928666,0.0,0.02204902510041351,4.360425808239377,129.04025236069597,59.2,58.75,True,2.7326541434635807,21.589574191760626
WISE,30,1.0,0.0,0.0,1.6653345369377348e-16,0.39887612755514545,0.23112548393078608,0.09887612755514547,True,0.4356249684589184,0.03674884090377295,0.03612184535546556,0.0,0.039672219213314874,0.11605356149303792,0.15809537400877308,1.2757358561502755e-05,0.4857775011069396,0.008871578950099757,0.009644301359713569,1.3115025524233077,6.516141287870124e-08,True,1.350404256145635e-08,0.08725339329237317,0.07051995300947855,0.0,0.022138639646468096,4.560425808239373,127.99904350456548,59.45,59.2,True,2.7326541434635807,21.589574191760626
SCALAR,30,1.0,0.0,0.0,1.6653345369377348e-16,0.39887612755514545,0.23112548393078608,0.09887612755514547,True,0.4356249684589184,0.03674884090377295,0.03612184535546556,0.0,0.039672219213314874,0.11605356149303792,0.15809537400877308,1.2757358561502755e-05,0.4857775011069396,0.008871578950099757,0.009644301359713569,1.3115025524233077,6.516141287870124e-08,True,1.350404256145635e-08,0.08725339329237317,0.07051995300947855,0.0,0.022138639646468096,4.560425808239373,127.99904350456548,59.45,59.2,True,2.7326541434635807,21.589574191760626
RANDOM-FIBER,30,1.0,0.0,0.0,0.3988761275551457,-7.954423143705765e-17,4.645476757589288e-16,-0.30000000000000004,True,-4.786535432158794e-16,-3.9910931177882175e-16,-3.242249503364077e-16,0.0,-0.20710678118654763,-0.20710678118654763,-0.2071067811865157,376275.49705070385,29258.18774810877,0.0041043624383489494,0.02036304734585462,3.875901911845996,0.06064538840070078,False,6.048616359271953e-09,0.33685736411694545,0.6707665322061082,0.6707665322061082,0.03239689056113094,nan,132.37807286232155,nan,47.800000000000004,False,2.7326541434635807,21.589574191760626
